size,trial,num_steps,time (seconds)
10,0,100,0.09217977523803711
10,1,100,0.06398868560791016
10,2,100,0.06384634971618652
