size,trial,num_steps,time (seconds)
10,0,100,0.06414198875427246
10,1,100,0.0424959659576416
10,2,100,0.04576301574707031
