size,trial,num_steps,time (seconds)
10,0,100,0.04865908622741699
10,1,100,0.04371905326843262
10,2,100,0.03785276412963867
