size,trial,num_steps,time (seconds)
50,0,100,0.9476439952850342
50,1,100,0.9468648433685303
50,2,100,0.9515409469604492
75,0,100,2.176666021347046
75,1,100,2.238234758377075
75,2,100,2.176528215408325
100,0,100,3.84067702293396
100,1,100,3.867280960083008
100,2,100,3.857245922088623
