size,trial,num_steps,time (seconds)
50,0,100,1.6470363140106201
50,1,100,1.6396782398223877
50,2,100,1.6358015537261963
75,0,100,3.691819190979004
75,1,100,3.7116620540618896
75,2,100,3.6710305213928223
100,0,100,6.554259538650513
100,1,100,6.478610277175903
100,2,100,6.580936908721924
