size,trial,num_steps,time (seconds)
10,0,100,0.06370091438293457
10,1,100,0.06396722793579102
10,2,100,0.0637369155883789
