size,trial,num_steps,time (seconds)
50,0,100,0.9906032085418701
50,1,100,1.0124719142913818
50,2,100,0.9607009887695312
75,0,100,2.200774908065796
75,1,100,2.172484874725342
75,2,100,2.1588149070739746
100,0,100,3.8299288749694824
100,1,100,3.855829954147339
100,2,100,3.7992749214172363
