size,trial,num_steps,time (seconds)
10,0,100,0.061181068420410156
10,1,100,0.08441710472106934
10,2,100,0.10754799842834473
